# Sample UK Council Directory Entries
# These map to LocalGov Drupal's localgov_directory_venue content type

directories:
  - title: "Main Council Offices"
    summary: "Council headquarters and main reception"
    address:
      line1: "Council House"
      line2: "Town Square"
      city: "Westbridge"
      postcode: "WB1 2AA"
    phone: "01onal 123 456"
    email: "reception@westbridge.gov.uk"
    opening_hours: |
      Monday to Friday: 9am to 5pm
      Saturday and Sunday: Closed
    category: "Council Offices"
    facilities:
      - "Wheelchair accessible"
      - "Induction loop"
      - "Public toilets"
      - "Baby changing"

  - title: "Central Library"
    summary: "Main library with study spaces, computers, and events"
    address:
      line1: "14 High Street"
      city: "Westbridge"
      postcode: "WB1 3CD"
    phone: "01234 567 890"
    email: "central.library@westbridge.gov.uk"
    opening_hours: |
      Monday: 9am to 7pm
      Tuesday to Friday: 9am to 6pm
      Saturday: 9am to 4pm
      Sunday: Closed
    category: "Libraries"
    facilities:
      - "Wheelchair accessible"
      - "Computer access"
      - "WiFi"
      - "Study rooms"
      - "Children's area"

  - title: "Northside Library"
    summary: "Community library with children's activities"
    address:
      line1: "42 North Road"
      city: "Westbridge"
      postcode: "WB4 5EF"
    phone: "01234 567 891"
    email: "northside.library@westbridge.gov.uk"
    opening_hours: |
      Monday: Closed
      Tuesday to Friday: 10am to 5pm
      Saturday: 10am to 2pm
      Sunday: Closed
    category: "Libraries"
    facilities:
      - "Wheelchair accessible"
      - "Computer access"
      - "Children's story time"

  - title: "Westbridge Leisure Centre"
    summary: "Swimming pool, gym, and sports facilities"
    address:
      line1: "Sports Way"
      city: "Westbridge"
      postcode: "WB2 6GH"
    phone: "01234 567 892"
    email: "leisure@westbridge.gov.uk"
    opening_hours: |
      Monday to Friday: 6:30am to 10pm
      Saturday and Sunday: 8am to 8pm
    category: "Leisure Centres"
    facilities:
      - "Wheelchair accessible"
      - "Swimming pool"
      - "Gym"
      - "Sports halls"
      - "Café"
      - "Parking"

  - title: "Eastside Community Centre"
    summary: "Hall hire for events and community groups"
    address:
      line1: "East Avenue"
      city: "Westbridge"
      postcode: "WB3 7IJ"
    phone: "01234 567 893"
    email: "eastside.community@westbridge.gov.uk"
    opening_hours: |
      Monday to Saturday: 9am to 10pm
      Sunday: 10am to 6pm
    category: "Community Centres"
    facilities:
      - "Wheelchair accessible"
      - "Main hall (capacity 200)"
      - "Meeting rooms"
      - "Kitchen"
      - "Parking"

  - title: "Town Park Community Centre"
    summary: "Community space with garden and café"
    address:
      line1: "Park Lane"
      city: "Westbridge"
      postcode: "WB1 8KL"
    phone: "01234 567 894"
    email: "townpark@westbridge.gov.uk"
    opening_hours: |
      Monday to Friday: 8am to 9pm
      Saturday: 9am to 5pm
      Sunday: Closed
    category: "Community Centres"
    facilities:
      - "Wheelchair accessible"
      - "Community garden"
      - "Café"
      - "Meeting rooms"

  - title: "Westbridge Recycling Centre"
    summary: "Household waste and recycling disposal"
    address:
      line1: "Industrial Estate"
      line2: "Mill Road"
      city: "Westbridge"
      postcode: "WB5 9MN"
    phone: "01234 567 895"
    email: "recycling@westbridge.gov.uk"
    opening_hours: |
      Monday to Sunday: 8am to 6pm
      Bank holidays: 10am to 4pm
    category: "Recycling Centres"
    facilities:
      - "Car parking"
      - "Wheelchair accessible office"
      - "Commercial waste (with permit)"

  - title: "Southgate Recycling Centre"
    summary: "Smaller recycling centre for household waste"
    address:
      line1: "Southgate Lane"
      city: "Westbridge"
      postcode: "WB6 0OP"
    phone: "01234 567 896"
    email: "southgate.recycling@westbridge.gov.uk"
    opening_hours: |
      Wednesday to Sunday: 9am to 5pm
      Monday and Tuesday: Closed
    category: "Recycling Centres"
    facilities:
      - "Car parking"
      - "Household waste only"

  - title: "Register Office"
    summary: "Births, deaths, marriages, and civil partnerships"
    address:
      line1: "Council House"
      line2: "Town Square"
      city: "Westbridge"
      postcode: "WB1 2AA"
    phone: "01234 567 897"
    email: "registrar@westbridge.gov.uk"
    opening_hours: |
      Monday to Friday: 9am to 4pm (by appointment)
      Saturday: Ceremonies only
    category: "Council Offices"
    facilities:
      - "Wheelchair accessible"
      - "Ceremony room"
      - "Induction loop"

  - title: "Customer Service Centre"
    summary: "Face-to-face help with council services"
    address:
      line1: "22 Market Street"
      city: "Westbridge"
      postcode: "WB1 4QR"
    phone: "01234 567 898"
    email: "customer.services@westbridge.gov.uk"
    opening_hours: |
      Monday, Wednesday, Friday: 9am to 5pm
      Tuesday, Thursday: 9am to 7pm
      Saturday: 9am to 1pm
    category: "Council Offices"
    facilities:
      - "Wheelchair accessible"
      - "Induction loop"
      - "Appointment and drop-in"

  - title: "Victoria Park"
    summary: "Large park with playground and sports facilities"
    address:
      line1: "Victoria Road"
      city: "Westbridge"
      postcode: "WB2 5ST"
    opening_hours: |
      Open 24 hours
      Café: 10am to 4pm daily
    category: "Parks"
    facilities:
      - "Playground"
      - "Football pitches"
      - "Tennis courts"
      - "Café"
      - "Toilets"
      - "Free parking"

  - title: "Riverside Park"
    summary: "Scenic park along the River West"
    address:
      line1: "River Walk"
      city: "Westbridge"
      postcode: "WB3 6UV"
    opening_hours: |
      Open 24 hours
    category: "Parks"
    facilities:
      - "Walking paths"
      - "Cycle route"
      - "Wildlife area"
      - "Picnic areas"
